{
  "ABIRoot": {
    "kind": "Root",
    "name": "ApiManagerLib",
    "printedName": "ApiManagerLib",
    "children": [
      {
        "kind": "Import",
        "name": "Foundation",
        "printedName": "Foundation",
        "declKind": "Import",
        "moduleName": "ApiManagerLib",
        "declAttributes": [
          "RawDocComment"
        ]
      },
      {
        "kind": "TypeDecl",
        "name": "APIClient",
        "printedName": "APIClient",
        "children": [
          {
            "kind": "Var",
            "name": "shared",
            "printedName": "shared",
            "children": [
              {
                "kind": "TypeNominal",
                "name": "APIClient",
                "printedName": "ApiManagerLib.APIClient",
                "usr": "s:13ApiManagerLib9APIClientC"
              }
            ],
            "declKind": "Var",
            "usr": "s:13ApiManagerLib9APIClientC6sharedACvpZ",
            "mangledName": "$s13ApiManagerLib9APIClientC6sharedACvpZ",
            "moduleName": "ApiManagerLib",
            "static": true,
            "declAttributes": [
              "HasInitialValue",
              "Final",
              "HasStorage",
              "AccessControl"
            ],
            "isLet": true,
            "hasStorage": true,
            "accessors": [
              {
                "kind": "Accessor",
                "name": "Get",
                "printedName": "Get()",
                "children": [
                  {
                    "kind": "TypeNominal",
                    "name": "APIClient",
                    "printedName": "ApiManagerLib.APIClient",
                    "usr": "s:13ApiManagerLib9APIClientC"
                  }
                ],
                "declKind": "Accessor",
                "usr": "s:13ApiManagerLib9APIClientC6sharedACvgZ",
                "mangledName": "$s13ApiManagerLib9APIClientC6sharedACvgZ",
                "moduleName": "ApiManagerLib",
                "static": true,
                "implicit": true,
                "declAttributes": [
                  "Final"
                ],
                "accessorKind": "get"
              }
            ]
          },
          {
            "kind": "Function",
            "name": "get",
            "printedName": "get(url:responseType:completion:)",
            "children": [
              {
                "kind": "TypeNominal",
                "name": "Void",
                "printedName": "()"
              },
              {
                "kind": "TypeNominal",
                "name": "URL",
                "printedName": "Foundation.URL",
                "usr": "s:10Foundation3URLV"
              },
              {
                "kind": "TypeNominal",
                "name": "Metatype",
                "printedName": "τ_0_0.Type",
                "children": [
                  {
                    "kind": "TypeNominal",
                    "name": "GenericTypeParam",
                    "printedName": "τ_0_0"
                  }
                ]
              },
              {
                "kind": "TypeFunc",
                "name": "Function",
                "printedName": "(Swift.Result<τ_0_0, any Swift.Error>) -> ()",
                "children": [
                  {
                    "kind": "TypeNominal",
                    "name": "Void",
                    "printedName": "()"
                  },
                  {
                    "kind": "TypeNominal",
                    "name": "Result",
                    "printedName": "Swift.Result<τ_0_0, any Swift.Error>",
                    "children": [
                      {
                        "kind": "TypeNominal",
                        "name": "GenericTypeParam",
                        "printedName": "τ_0_0"
                      },
                      {
                        "kind": "TypeNominal",
                        "name": "Error",
                        "printedName": "any Swift.Error",
                        "usr": "s:s5ErrorP"
                      }
                    ],
                    "usr": "s:s6ResultO"
                  }
                ]
              }
            ],
            "declKind": "Func",
            "usr": "s:13ApiManagerLib9APIClientC3get3url12responseType10completiony10Foundation3URLV_xmys6ResultOyxs5Error_pGctSeRzlF",
            "mangledName": "$s13ApiManagerLib9APIClientC3get3url12responseType10completiony10Foundation3URLV_xmys6ResultOyxs5Error_pGctSeRzlF",
            "moduleName": "ApiManagerLib",
            "genericSig": "<τ_0_0 where τ_0_0 : Swift.Decodable>",
            "sugared_genericSig": "<T where T : Swift.Decodable>",
            "declAttributes": [
              "AccessControl"
            ],
            "funcSelfKind": "NonMutating"
          }
        ],
        "declKind": "Class",
        "usr": "s:13ApiManagerLib9APIClientC",
        "mangledName": "$s13ApiManagerLib9APIClientC",
        "moduleName": "ApiManagerLib",
        "declAttributes": [
          "AccessControl"
        ],
        "hasMissingDesignatedInitializers": true,
        "conformances": [
          {
            "kind": "Conformance",
            "name": "Copyable",
            "printedName": "Copyable",
            "usr": "s:s8CopyableP",
            "mangledName": "$ss8CopyableP"
          },
          {
            "kind": "Conformance",
            "name": "Escapable",
            "printedName": "Escapable",
            "usr": "s:s9EscapableP",
            "mangledName": "$ss9EscapableP"
          }
        ]
      }
    ],
    "json_format_version": 8
  },
  "ConstValues": []
}